Time;beta0;beta1;accuracy;log reg error;used Model;target Diff;param Diff;win;age;sexe;curve;abandon
2020/09/21 05:14:08;0;0;0;NOT_ENOUGH_SAMPLES;DDA_PMDELTA;0.5;0.1036405;1;23;Homme;Low;False
2020/09/21 05:14:34;0;0;0;NOT_ENOUGH_SAMPLES;DDA_PMDELTA;0.5;0.2006451;1;23;Homme;Low;False
2020/09/21 05:14:55;0;0;0;NOT_ENOUGH_SAMPLES;DDA_PMDELTA;0.5;0.268299;1;23;Homme;Low;False
2020/09/21 05:15:06;0;0;0;NOT_ENOUGH_SAMPLES;DDA_PMDELTA;0.5;0.3402435;1;23;Homme;Low;False
2020/09/21 05:15:18;0;0;0;NOT_ENOUGH_SAMPLES;DDA_PMDELTA;0.5;0.3987583;1;23;Homme;Low;False
2020/09/21 05:15:27;0;0;0;NOT_ENOUGH_SAMPLES;DDA_PMDELTA;0.5;0.4720315;1;23;Homme;Low;False
2020/09/21 05:15:30;0;0;0;NOT_ENOUGH_SAMPLES;DDA_PMDELTA;0.5;0.5634152;1;23;Homme;Low;False
2020/09/21 05:15:44;0;0;0;NOT_ENOUGH_SAMPLES;DDA_PMDELTA;0.5;0.6600109;1;23;Homme;Low;False
2020/09/21 05:15:54;0;0;0;NOT_ENOUGH_SAMPLES;DDA_PMDELTA;0.5;0.7263046;1;23;Homme;Low;False
2020/09/21 05:16:00;0;0;0;NOT_ENOUGH_SAMPLES;DDA_PMDELTA;0.5;0.8069503;1;23;Homme;Low;False
2020/09/21 05:16:20;0;0;0;NOT_ENOUGH_FAILS;DDA_PMDELTA;0.5;0.8794736;1;23;Homme;Low;False
2020/09/21 05:16:30;0;0;0;NOT_ENOUGH_FAILS;DDA_PMDELTA;0.5;0.9439793;0;23;Homme;Low;False
2020/09/21 05:16:41;0;0;0;NOT_ENOUGH_FAILS;DDA_PMDELTA;0.5;0.8448921;0;23;Homme;Low;False
2020/09/21 05:16:51;0;0;0;NOT_ENOUGH_FAILS;DDA_PMDELTA;0.5;0.7739915;1;23;Homme;Low;False
2020/09/21 05:17:13;0;0;0;NOT_ENOUGH_FAILS;DDA_PMDELTA;0.5;0.8496038;1;23;Homme;Low;False
2020/09/21 05:17:27;0;0;0;NOT_ENOUGH_FAILS;DDA_PMDELTA;0.5;0.9045065;0;23;Homme;Low;False
2020/09/21 05:17:32;0;0;0;NOT_ENOUGH_FAILS;DDA_PMDELTA;0.5;0.8051357;1;23;Homme;Low;False
2020/09/21 05:17:37;0;0;0;NOT_ENOUGH_FAILS;DDA_PMDELTA;0.5;0.8967478;0;23;Homme;Low;False
2020/09/21 05:17:43;30.9479405669608;-35.7866413528541;0.885;OK;DDA_LOGREG;0.2;0.8295058;1;23;Homme;Low;False
2020/09/21 05:18:03;33.4682051201853;-38.5431578013898;0.9;OK;DDA_LOGREG;0.2;0.8340352;1;23;Homme;Low;False
2020/09/21 05:18:09;35.6995164987357;-40.978331412333;0.9;OK;DDA_LOGREG;0.2;0.8337013;1;23;Homme;Low;False
2020/09/21 05:18:23;37.7565623746535;-43.2402975403829;0.903333333333334;OK;DDA_LOGREG;0.2;0.8443074;1;23;Homme;Low;False
2020/09/21 05:18:34;51.0225746796788;-58.4081831824874;0.896666666666667;OK;DDA_LOGREG;0.2;0.8545919;1;23;Homme;Low;False
2020/09/21 05:18:40;52.7590391889856;-60.2130283893747;0.908333333333333;OK;DDA_LOGREG;0.2;0.8483769;0;23;Homme;Low;False
2020/09/21 05:18:45;36.9748826971243;-42.4258436800559;0.871666666666667;OK;DDA_LOGREG;0.2;0.8330953;1;23;Homme;Low;False
2020/09/21 05:18:55;38.6273531549951;-44.2708977978684;0.868333333333333;OK;DDA_LOGREG;0.2;0.8386076;1;23;Homme;Low;False
2020/09/21 05:18:59;40.0421577989665;-45.8311181919852;0.88;OK;DDA_LOGREG;0.2;0.8384834;1;23;Homme;Low;False
2020/09/21 05:19:25;41.383736765678;-47.3155958580792;0.885;OK;DDA_LOGREG;0.2;0.8464909;1;23;Homme;Low;False
2020/09/21 05:19:30;42.3477524275939;-48.3407037662082;0.89;OK;DDA_LOGREG;0.2;0.8501857;1;23;Homme;Low;False
2020/09/21 05:19:45;43.0838784640301;-49.0959138678213;0.891666666666667;OK;DDA_LOGREG;0.2;0.8545477;1;23;Homme;Low;False
2020/09/21 05:19:48;54.3858998558178;-62.1269331192474;0.896666666666667;OK;DDA_LOGREG;0.2;0.8496894;1;23;Homme;Low;False
2020/09/21 05:19:52;55.4140827670329;-63.2361697505047;0;SD_PRED_TOO_LOW;DDA_LOGREG;0.2;0.8510064;1;23;Homme;Low;False
2020/09/21 05:19:56;56.3367931956435;-64.2238359994338;0;SD_PRED_TOO_LOW;DDA_LOGREG;0.2;0.8597034;1;23;Homme;Low;False
2020/09/21 05:20:06;56.3137550262494;-64.0744571200315;0;SD_PRED_TOO_LOW;DDA_LOGREG;0.2;0.8614383;1;23;Homme;Low;False
2020/09/21 05:20:11;56.1961520211694;-63.8188270307468;0;SD_PRED_TOO_LOW;DDA_LOGREG;0.2;0.8566412;1;23;Homme;Low;False
2020/09/21 05:20:20;59.5206853298979;-67.5905203544493;0;SD_PRED_TOO_LOW;DDA_LOGREG;0.2;0.8614209;0;23;Homme;Low;False
2020/09/21 05:20:24;57.3679292576316;-65.4284546289197;0;SD_PRED_TOO_LOW;DDA_LOGREG;0.2;0.8567897;1;23;Homme;Low;False
2020/09/21 05:20:27;57.761214672156;-65.8040782814944;0;SD_PRED_TOO_LOW;DDA_LOGREG;0.2;0.8543658;1;23;Homme;Low;False
2020/09/21 05:20:30;58.4528189168218;-66.5415116398786;0;SD_PRED_TOO_LOW;DDA_LOGREG;0.2;0.8545814;1;23;Homme;Low;False
2020/09/21 05:20:38;59.1257278653983;-67.2603961178907;0;SD_PRED_TOO_LOW;DDA_LOGREG;0.2;0.8575268;1;23;Homme;Low;False
2020/09/21 05:20:46;59.500268166391;-67.6254544484552;0;SD_PRED_TOO_LOW;DDA_LOGREG;0.2;0.8555732;1;23;Homme;Low;False
2020/09/21 05:20:50;60.0984174921697;-68.2613835078215;0;SD_PRED_TOO_LOW;DDA_LOGREG;0.2;0.8600847;1;23;Homme;Low;False
2020/09/21 05:21:17;63.3695206938365;-71.9914245324723;0;SD_PRED_TOO_LOW;DDA_LOGREG;0.2;0.8598117;0;23;Homme;Low;False
2020/09/21 05:21:32;60.0088538318242;-68.3517552689351;0;SD_PRED_TOO_LOW;DDA_LOGREG;0.2;0.8554856;0;23;Homme;Low;False
2020/09/21 05:21:36;58.098261778299;-66.357812852279;0;SD_PRED_TOO_LOW;DDA_LOGREG;0.2;0.8587173;1;23;Homme;Low;False
2020/09/21 05:21:42;58.0180389954818;-66.1999988094831;0;SD_PRED_TOO_LOW;DDA_LOGREG;0.2;0.852971;1;23;Homme;Low;False
2020/09/21 05:21:48;58.7305493009461;-66.9850390850004;0;SD_PRED_TOO_LOW;DDA_LOGREG;0.2;0.8597438;1;23;Homme;Low;False
2020/09/21 05:21:54;58.5391106306711;-66.7003920472779;0;SD_PRED_TOO_LOW;DDA_LOGREG;0.2;0.8574894;1;23;Homme;Low;False
2020/09/21 05:21:58;58.7529627010581;-66.8973461840678;0;SD_PRED_TOO_LOW;DDA_LOGREG;0.2;0.8539096;1;23;Homme;Low;False
2020/09/21 05:22:02;59.3790558115474;-67.5853866783067;0;SD_PRED_TOO_LOW;DDA_LOGREG;0.2;0.8622643;1;23;Homme;Low;False
2020/09/21 05:22:09;58.8481663299686;-66.9061670139418;0;SD_PRED_TOO_LOW;DDA_LOGREG;0.2;0.8601754;0;23;Homme;Low;False
2020/09/21 05:22:15;59.4817579053344;-67.8255234274019;0;SD_PRED_TOO_LOW;DDA_LOGREG;0.2;0.8569151;1;23;Homme;Low;False
2020/09/21 05:22:18;59.7600893007642;-68.105145468384;0;SD_PRED_TOO_LOW;DDA_LOGREG;0.2;0.8584263;1;23;Homme;Low;False
2020/09/21 05:22:27;59.8347799500264;-68.145720124186;0;SD_PRED_TOO_LOW;DDA_LOGREG;0.2;0.8600084;0;23;Homme;LowPic;False
2020/09/21 05:22:37;60.602594129558;-69.19844918066;0;SD_PRED_TOO_LOW;DDA_LOGREG;0.8;0.8989745;0;23;Homme;LowPic;False
2020/09/21 05:22:41;66.0749594011427;-75.6018518344775;0;SD_PRED_TOO_LOW;DDA_LOGREG;0.2;0.8566001;1;23;Homme;LowPic;False
2020/09/21 05:22:45;66.4807257905619;-76.0334091944602;0;SD_PRED_TOO_LOW;DDA_LOGREG;0.2;0.8539324;1;23;Homme;LowPic;False
2020/09/21 05:23:03;67.1897028193229;-76.8253549720483;0;SD_PRED_TOO_LOW;DDA_LOGREG;0.2;0.8574695;0;23;Homme;LowPic;False
2020/09/21 05:23:09;66.3640154768896;-76.0073444865511;0;SD_PRED_TOO_LOW;DDA_LOGREG;0.2;0.8579483;1;23;Homme;LowPic;False
2020/09/21 05:23:17;66.4951758277127;-76.1184722216171;0;SD_PRED_TOO_LOW;DDA_LOGREG;0.8;0.8929654;0;23;Homme;LowPic;False
2020/09/21 05:23:26;71.5709872130132;-82.0594551165134;0;SD_PRED_TOO_LOW;DDA_LOGREG;0.2;0.8553629;1;23;Homme;LowPic;False
2020/09/21 05:23:53;72.1664777259275;-82.718376889455;0;SD_PRED_TOO_LOW;DDA_LOGREG;0.2;0.8534926;1;23;Homme;LowPic;False
2020/09/21 05:24:00;72.942438207646;-83.5924214191212;0;SD_PRED_TOO_LOW;DDA_LOGREG;0.2;0.8589819;1;23;Homme;LowPic;False
2020/09/21 05:24:04;72.9982605669847;-83.6165635673849;0;SD_PRED_TOO_LOW;DDA_LOGREG;0.2;0.8571682;1;23;Homme;LowPic;False
2020/09/21 05:24:11;73.3588128714382;-84.0011168498705;0;SD_PRED_TOO_LOW;DDA_LOGREG;0.8;0.8920951;1;23;Homme;LowPic;False
2020/09/21 05:24:15;52.362166105495;-59.4797482978246;0.846666666666666;OK;DDA_LOGREG;0.2;0.8561841;1;23;Homme;LowPic;False
2020/09/21 05:24:18;52.7980632120515;-59.9574601997009;0.849761904761905;OK;DDA_LOGREG;0.2;0.8613038;1;23;Homme;LowPic;False
2020/09/21 05:24:27;52.8820612518271;-60.0201998041156;0.852619047619048;OK;DDA_LOGREG;0.2;0.8595845;1;23;Homme;LowPic;False
2020/09/21 05:24:38;59.6730927812757;-67.8627719662715;0;SD_PRED_TOO_LOW;DDA_LOGREG;0.2;0.8565387;1;23;Homme;LowPic;False
2020/09/21 05:24:42;60.1135820774643;-68.3472665795991;0;SD_PRED_TOO_LOW;DDA_LOGREG;0.8;0.9014782;1;23;Homme;LowPic;False
2020/09/21 05:24:46;45.4104542933311;-51.1975344230967;0.852857142857143;OK;DDA_LOGREG;0.2;0.8549159;1;23;Homme;LowPic;False
2020/09/21 05:25:11;45.8469431304283;-51.680779837597;0.853214285714286;OK;DDA_LOGREG;0.2;0.8620588;0;23;Homme;LowPic;False
2020/09/21 05:25:16;45.4957879499011;-51.3773181000504;0.843571428571429;OK;DDA_LOGREG;0.2;0.8524048;1;23;Homme;LowPic;False
2020/09/21 05:25:32;46.0007346830646;-51.942744619058;0.840714285714286;OK;DDA_LOGREG;0.2;0.8559049;0;23;Homme;LowPic;False
2020/09/21 05:25:37;44.4109680619974;-50.2007679405639;0.831785714285714;OK;DDA_LOGREG;0.8;0.9071382;1;23;Homme;LowPic;False
2020/09/21 05:27:23;37.4154022427567;-42.0071573962919;0.801785714285714;OK;DDA_LOGREG;0.2;0.8559722;1;23;Homme;LowPic;False
2020/09/21 05:27:26;37.7473608760901;-42.3697904011239;0.808571428571429;OK;DDA_LOGREG;0.2;0.8588659;1;23;Homme;LowPic;False
2020/09/21 05:27:30;37.9802793241578;-42.6160027620955;0.8075;OK;DDA_LOGREG;0.2;0.8598216;1;23;Homme;LowPic;False
2020/09/21 05:27:33;38.1770939009217;-42.8201552390479;0.814285714285714;OK;DDA_LOGREG;0.2;0.8619179;1;23;Homme;LowPic;False
2020/09/21 05:27:40;38.2891490695318;-42.9249962352949;0.8175;OK;DDA_LOGREG;0.8;0.9205213;1;23;Homme;LowPic;False
2020/09/21 05:27:43;31.1863460656688;-34.6255170718497;0.79625;OK;DDA_LOGREG;0.2;0.8599027;1;23;Homme;LowPic;False
2020/09/21 05:27:47;31.3743929589119;-34.8215439829238;0.796527777777778;OK;DDA_LOGREG;0.2;0.8564025;1;23;Homme;LowPic;False
2020/09/21 05:27:50;31.6450246579971;-35.1153905867181;0.801527777777778;OK;DDA_LOGREG;0.2;0.8632959;1;23;Homme;LowPic;False
2020/09/21 05:27:56;31.7330300198328;-35.1945396105672;0.802222222222222;OK;DDA_LOGREG;0.2;0.8686224;0;23;Homme;LowPic;False
2020/09/21 05:28:05;32.0924680631204;-35.6898403828134;0.792222222222222;OK;DDA_LOGREG;0.8;0.9407896;1;23;Homme;LowPic;False
2020/09/21 05:28:22;20.444064732829;-22.1834335376862;0.791666666666667;OK;DDA_LOGREG;0.2;0.8663974;0;23;Homme;LowPic;False
2020/09/21 05:28:34;20.5079968450863;-22.3277940265782;0.779166666666667;OK;DDA_LOGREG;0.2;0.8552042;0;23;Homme;LowPic;False
2020/09/21 05:28:54;19.7280724979152;-21.4947397150322;0.7725;OK;DDA_LOGREG;0.2;0.846505;1;23;Homme;LowPic;False
