Time;beta0;beta1;accuracy;log reg error;used Model;target Diff;param Diff;win;age;sexe;curve;abandon
2020/09/21 11:23:49;0;0;0;NOT_ENOUGH_SAMPLES;DDA_PMDELTA;0.5;0.1496556;1;24;Masculin;Pic;False
2020/09/21 11:23:58;0;0;0;NOT_ENOUGH_SAMPLES;DDA_PMDELTA;0.5;0.2234199;1;24;Masculin;Pic;False
2020/09/21 11:24:09;0;0;0;NOT_ENOUGH_SAMPLES;DDA_PMDELTA;0.5;0.2901799;1;24;Masculin;Pic;False
2020/09/21 11:24:15;0;0;0;NOT_ENOUGH_SAMPLES;DDA_PMDELTA;0.5;0.3727538;1;24;Masculin;Pic;False
2020/09/21 11:24:32;0;0;0;NOT_ENOUGH_SAMPLES;DDA_PMDELTA;0.5;0.4292494;1;24;Masculin;Pic;False
2020/09/21 11:24:38;0;0;0;NOT_ENOUGH_SAMPLES;DDA_PMDELTA;0.5;0.4916781;1;24;Masculin;Pic;False
2020/09/21 11:24:42;0;0;0;NOT_ENOUGH_SAMPLES;DDA_PMDELTA;0.5;0.5513761;1;24;Masculin;Pic;False
2020/09/21 11:24:47;0;0;0;NOT_ENOUGH_SAMPLES;DDA_PMDELTA;0.5;0.6359028;1;24;Masculin;Pic;False
2020/09/21 11:24:52;0;0;0;NOT_ENOUGH_SAMPLES;DDA_PMDELTA;0.5;0.6939051;1;24;Masculin;Pic;False
2020/09/21 11:24:59;0;0;0;NOT_ENOUGH_SAMPLES;DDA_PMDELTA;0.5;0.7787905;1;24;Masculin;Pic;False
2020/09/21 11:25:03;0;0;0;NOT_ENOUGH_FAILS;DDA_PMDELTA;0.5;0.8359416;1;24;Masculin;Pic;False
2020/09/21 11:25:08;0;0;0;NOT_ENOUGH_FAILS;DDA_PMDELTA;0.5;0.8902241;1;24;Masculin;Pic;False
2020/09/21 11:25:15;0;0;0;NOT_ENOUGH_FAILS;DDA_PMDELTA;0.5;0.950717;0;24;Masculin;Pic;False
2020/09/21 11:25:27;0;0;0;NOT_ENOUGH_FAILS;DDA_PMDELTA;0.5;0.8508434;0;24;Masculin;Pic;False
2020/09/21 11:25:34;0;0;0;NOT_ENOUGH_FAILS;DDA_PMDELTA;0.5;0.7635192;1;24;Masculin;Pic;False
2020/09/21 11:25:47;0;0;0;NOT_ENOUGH_FAILS;DDA_PMDELTA;0.5;0.8424648;1;24;Masculin;Pic;False
2020/09/21 11:25:51;0;0;0;NOT_ENOUGH_FAILS;DDA_PMDELTA;0.5;0.9342356;1;24;Masculin;Pic;False
2020/09/21 11:25:55;0;0;0;NOT_ENOUGH_FAILS;DDA_PMDELTA;0.5;0.9907497;1;24;Masculin;Pic;False
2020/09/21 11:26:00;0;0;0;NOT_ENOUGH_FAILS;DDA_PMDELTA;0.5;1;1;24;Masculin;Pic;False
2020/09/21 11:26:06;0;0;0;NOT_ENOUGH_FAILS;DDA_PMDELTA;0.5;1;0;24;Masculin;Pic;False
2020/09/21 11:26:18;0;0;0;NOT_ENOUGH_FAILS;DDA_PMDELTA;0.5;0.9350331;0;24;Masculin;Pic;False
2020/09/21 11:26:23;8.00137909036735;-8.0573117024899;0.711666666666667;OK;DDA_LOGREG;0.5;1;1;24;Masculin;Pic;False
2020/09/21 11:26:28;7.27430716889845;-7.03728742702228;0.733333333333333;OK;DDA_LOGREG;0.5;1;1;24;Masculin;Pic;False
2020/09/21 11:26:34;6.74999838694998;-6.28637270477189;0.796666666666667;OK;DDA_LOGREG;0.5;1;0;24;Masculin;Pic;False
2020/09/21 11:26:46;7.43978562456282;-7.25931470008828;0.676666666666667;OK;DDA_LOGREG;0.8;1;0;24;Masculin;Pic;False
2020/09/21 11:26:53;8.0290328507962;-8.07012835314772;0.64;OK;DDA_LOGREG;0.5;1;1;24;Masculin;Pic;False
2020/09/21 11:26:57;7.54676006049365;-7.40139630056057;0.635;OK;DDA_LOGREG;0.5;1;0;24;Masculin;Pic;False
2020/09/21 11:27:11;8.03357829692345;-8.0696018502303;0.606666666666667;OK;DDA_LOGREG;0.5;1;0;24;Masculin;Pic;False
2020/09/21 11:27:17;8.46748251123716;-8.65699988772353;0.626666666666667;OK;DDA_LOGREG;0.5;0.9653541;1;24;Masculin;Pic;False
2020/09/21 11:27:22;8.30468735476229;-8.37425699553051;0.58;ACCURACY_TOO_LOW;DDA_PMDELTA;0.5;1;0;24;Masculin;Pic;False
2020/09/21 11:27:27;10.8609692222219;-11.1471085612464;0.676666666666667;OK;DDA_LOGREG;0.5;0.9701219;0;24;Masculin;Pic;False
2020/09/21 11:27:32;8.89120450661242;-9.21347294281488;0.665;OK;DDA_LOGREG;0.5;0.9455793;1;24;Masculin;Pic;False
2020/09/21 11:27:36;11.2209032693942;-11.5447410214071;0.681666666666667;OK;DDA_LOGREG;0.5;0.9649518;1;24;Masculin;Pic;False
2020/09/21 11:27:41;11.1132541932587;-11.3372891910568;0.680833333333333;OK;DDA_LOGREG;0.5;0.9959639;1;24;Masculin;Pic;False
2020/09/21 11:27:44;10.5172577047902;-10.6101236062601;0.611666666666667;OK;DDA_LOGREG;0.8;1;0;24;Masculin;Pic;False
2020/09/21 11:27:48;11.0788003961916;-11.2831085438468;0.651666666666667;OK;DDA_LOGREG;0.5;0.9835755;0;24;Masculin;Pic;False
2020/09/21 11:27:56;11.4058161390558;-11.7100227151353;0.674166666666667;OK;DDA_LOGREG;0.5;0.9818707;1;24;Masculin;Pic;False
2020/09/21 11:28:01;11.1059102470238;-11.3106331377789;0.6575;OK;DDA_LOGREG;0.5;0.9802189;0;24;Masculin;Pic;False
2020/09/21 11:28:13;11.3602695333528;-11.6559924811415;0.660833333333333;OK;DDA_LOGREG;0.5;0.9748359;1;24;Masculin;Pic;False
2020/09/21 11:28:23;11.20008477663;-11.4125584880476;0.6325;OK;DDA_LOGREG;0.8;1;0;24;Masculin;Pic;False
2020/09/21 11:28:35;11.6892446516611;-11.987359054509;0.655;OK;DDA_LOGREG;0.5;0.9658741;1;24;Masculin;Pic;False
2020/09/21 11:28:45;11.7007623589892;-11.9318421749276;0.6775;OK;DDA_LOGREG;0.5;0.9694681;0;24;Masculin;Pic;False
2020/09/21 11:28:51;11.7495877026991;-12.056259725634;0.6535;OK;DDA_LOGREG;0.5;0.9740633;0;24;Masculin;Pic;False
2020/09/21 11:28:56;11.8749883902852;-12.2536940600528;0.644;OK;DDA_LOGREG;0.5;0.9725526;0;24;Masculin;Pic;False
2020/09/21 11:29:04;11.9765854531307;-12.4228959240814;0.648;OK;DDA_LOGREG;0.8;1;0;24;Masculin;Pic;False
2020/09/21 11:29:12;12.406066812477;-12.9184109567606;0.673;OK;DDA_LOGREG;0.5;0.956183;0;24;Masculin;Pic;False
2020/09/21 11:29:29;12.2381207475647;-12.8073309118919;0.6665;OK;DDA_LOGREG;0.5;0.9485154;1;24;Masculin;Pic;False
2020/09/21 11:29:36;12.513967854104;-13.0366136670709;0.676;OK;DDA_LOGREG;0.5;0.9567919;0;24;Masculin;Pic;False
2020/09/21 11:29:45;12.3657469374751;-12.9421779584771;0.663;OK;DDA_LOGREG;0.5;0.9538909;1;24;Masculin;Pic;False
2020/09/21 11:29:51;12.5560776199863;-13.0836930235964;0.661;OK;DDA_LOGREG;0.8;1;0;24;Masculin;Pic;False
2020/09/21 11:30:13;12.989049076866;-13.5745493806643;0.676;OK;DDA_LOGREG;0.5;0.9678587;0;24;Masculin;Pic;False
2020/09/21 11:30:17;13.0114245400031;-13.6482959938047;0.686333333333333;OK;DDA_LOGREG;0.5;0.9489371;1;24;Masculin;Pic;False
2020/09/21 11:30:23;14.5796610480789;-15.2106543123392;0.678;OK;DDA_LOGREG;0.5;0.9629603;0;24;Masculin;Pic;False
2020/09/21 11:30:38;14.450081711921;-15.1276780659688;0.661666666666667;OK;DDA_LOGREG;0.5;0.9492558;0;24;Masculin;Pic;False
2020/09/21 11:30:42;12.9750139242419;-13.6608029114141;0.657333333333333;OK;DDA_LOGREG;0.8;1;0;24;Masculin;Pic;False
2020/09/21 11:30:53;13.3758540530917;-14.1108298026471;0.676333333333333;OK;DDA_LOGREG;0.5;0.9503766;0;24;Masculin;Pic;False
2020/09/21 11:30:58;13.1344720860399;-13.9082459668554;0.671333333333333;OK;DDA_LOGREG;0.5;0.9403305;0;24;Masculin;Pic;False
2020/09/21 11:31:07;12.7520254119823;-13.5597173794841;0.680666666666667;OK;DDA_LOGREG;0.5;0.9402155;1;24;Masculin;Pic;False
2020/09/21 11:31:11;13.1284049950983;-13.9044159764057;0.661666666666667;OK;DDA_LOGREG;0.5;0.9390123;0;24;Masculin;Pic;False
2020/09/21 11:31:11;12.7405694507386;-13.5481197645073;0.650666666666667;OK;DDA_LOGREG;0.8;1;0;24;Masculin;Pic;False
2020/09/21 11:31:11;13.1061368716916;-13.9570456281701;0.673333333333333;OK;DDA_LOGREG;0.5;0.9528635;0;24;Masculin;Pic;False
2020/09/21 11:31:12;12.9674763517939;-13.8532334382472;0.677619047619048;OK;DDA_LOGREG;0.5;0.9426495;0;24;Masculin;Pic;False
2020/09/21 11:31:12;12.6940205447009;-13.6102449546064;0.686428571428572;OK;DDA_LOGREG;0.5;0.924058;0;24;Masculin;Pic;False
2020/09/21 11:31:12;9.95190795136905;-10.8051715240947;0.695476190476191;OK;DDA_LOGREG;0.5;0.9069023;1;24;Masculin;Pic;False
2020/09/21 11:31:29;12.8127957385549;-13.7440016365974;0.681428571428572;OK;DDA_LOGREG;0.8;1;0;24;Masculin;Pic;False
2020/09/21 11:31:42;13.1530068367364;-14.1232555424045;0.691428571428572;OK;DDA_LOGREG;0.5;0.934844;0;24;Masculin;Pic;False
2020/09/21 11:31:50;12.8039546081716;-13.7990549136711;0.699285714285714;OK;DDA_LOGREG;0.5;0.9267712;0;24;Masculin;Pic;False
2020/09/21 11:31:58;12.37055504546;-13.38675183718;0.713809523809524;OK;DDA_LOGREG;0.5;0.9365999;0;24;Masculin;Pic;False
2020/09/21 11:32:05;10.0558729087067;-11.0113439681035;0.719285714285714;OK;DDA_LOGREG;0.5;0.8985798;1;24;Masculin;Pic;False
2020/09/21 11:32:21;12.7969172868819;-13.8370170182411;0.716666666666667;OK;DDA_LOGREG;0.8;1;1;24;Masculin;Pic;False
2020/09/21 11:32:26;9.96919302152224;-10.8301014997578;0.702857142857143;OK;DDA_LOGREG;0.5;0.9251212;1;24;Masculin;Pic;False
2020/09/21 11:32:30;12.3937977099364;-13.319606541463;0.676785714285714;OK;DDA_LOGREG;0.5;0.9406698;0;24;Masculin;Pic;False
2020/09/21 11:32:35;12.1946116393511;-13.1455304130403;0.692678571428572;OK;DDA_LOGREG;0.5;0.932359;0;24;Masculin;Pic;False
2020/09/21 11:32:47;9.96379258843382;-10.8528432071803;0.709821428571429;OK;DDA_LOGREG;0.5;0.9329337;0;24;Masculin;Pic;False
2020/09/21 11:32:58;9.83764687550794;-10.7520749425817;0.718392857142857;OK;DDA_LOGREG;0.8;1;0;24;Masculin;Pic;False
2020/09/21 11:33:05;10.0329000687428;-10.9780887687008;0.718928571428571;OK;DDA_LOGREG;0.5;0.9244553;0;24;Masculin;Pic;False
2020/09/21 11:33:09;9.85252134551362;-10.8201761674767;0.72625;OK;DDA_LOGREG;0.5;0.9180579;0;24;Masculin;Pic;False
2020/09/21 11:33:14;9.64090383609227;-10.6292512903628;0.711964285714286;OK;DDA_LOGREG;0.5;0.922538;0;24;Masculin;Pic;False
2020/09/21 11:33:22;9.47572984199618;-10.485514417701;0.723928571428571;OK;DDA_LOGREG;0.5;0.8871849;1;24;Masculin;Pic;False
2020/09/21 11:33:27;9.86939359870005;-10.8715880122271;0.721964285714286;OK;DDA_LOGREG;0.8;1;1;24;Masculin;Pic;False
2020/09/21 11:33:31;9.4015950875572;-10.3287970011418;0.72;OK;DDA_LOGREG;0.5;0.8989231;1;24;Masculin;Pic;False
2020/09/21 11:33:38;9.72843036501917;-10.6443500323385;0.716805555555555;OK;DDA_LOGREG;0.5;0.9195742;0;24;Masculin;Pic;False
2020/09/21 11:33:49;9.53848855317268;-10.4738239082384;0.707361111111111;OK;DDA_LOGREG;0.5;0.8978384;0;24;Masculin;Pic;False
2020/09/21 11:33:59;9.20665064521689;-10.1552618738172;0.719027777777778;OK;DDA_LOGREG;0.5;0.8996573;1;24;Masculin;Pic;False
2020/09/21 11:34:04;9.50687319599916;-10.443846181327;0.712777777777778;OK;DDA_LOGREG;0.8;1;0;24;Masculin;Pic;False
2020/09/21 11:34:12;9.69721717571749;-10.6625698041046;0.713055555555556;OK;DDA_LOGREG;0.5;0.9214985;1;24;Masculin;Pic;False
2020/09/21 11:34:16;9.89217574229333;-10.8370551480041;0.709027777777778;OK;DDA_LOGREG;0.5;0.923501;1;24;Masculin;Pic;False
2020/09/21 11:34:22;10.077561112187;-11.0020877272182;0.69875;OK;DDA_LOGREG;0.5;0.920311;1;24;Masculin;Pic;False
2020/09/21 11:34:35;12.0231472109187;-13.0146368376009;0.67;OK;DDA_LOGREG;0.5;0.9291941;1;24;Masculin;Pic;False
2020/09/21 11:34:42;12.2741053745712;-13.2489812531935;0.669861111111111;OK;DDA_LOGREG;0.8;1;1;24;Masculin;Pic;False
2020/09/21 11:35:07;9.95277501634611;-10.7707039920041;0.658888888888889;OK;DDA_LOGREG;0.5;0.9209967;0;24;Masculin;Pic;False
2020/09/21 11:35:13;9.76319372590154;-10.5980030499841;0.671777777777778;OK;DDA_LOGREG;0.5;0.903969;0;24;Masculin;Pic;False
2020/09/21 11:35:22;9.45889933654239;-10.3052604943798;0.656777777777778;OK;DDA_LOGREG;0.5;0.932175;0;24;Masculin;Pic;False
2020/09/21 11:35:32;9.36890046301008;-10.2348071134146;0.665555555555555;OK;DDA_LOGREG;0.5;0.9164082;1;24;Masculin;Pic;False
2020/09/21 11:35:36;9.56951731490525;-10.4206835021293;0.666222222222222;OK;DDA_LOGREG;0.8;1;0;24;Masculin;Pic;False
2020/09/21 11:35:46;9.77424715328772;-10.6532877153999;0.674333333333333;OK;DDA_LOGREG;0.5;0.9309174;1;24;Masculin;Pic;False
2020/09/21 11:35:57;9.89768861619798;-10.7560622851958;0.657333333333333;OK;DDA_LOGREG;0.5;0.9317557;1;24;Masculin;Pic;False
2020/09/21 11:36:07;10.0172252930184;-10.8553272462909;0.650444444444444;OK;DDA_LOGREG;0.5;0.9398665;0;24;Masculin;Pic;False
2020/09/21 11:36:13;9.96602474780564;-10.8241413367998;0.644777777777778;OK;DDA_LOGREG;0.5;0.9252646;0;24;Masculin;Pic;False
2020/09/21 11:36:22;9.82329459985655;-10.6974109687387;0.659444444444445;OK;DDA_LOGREG;0.8;1;0;24;Masculin;Pic;False
2020/09/21 11:36:32;10.0302732988192;-10.9312803760277;0.67;OK;DDA_LOGREG;0.5;0.9176941;1;24;Masculin;Pic;False
2020/09/21 11:36:42;10.2386302513064;-11.1271462180599;0.664;OK;DDA_LOGREG;0.5;0.9236082;0;24;Masculin;Pic;False
2020/09/21 11:36:52;10.0819392702365;-10.9850935658287;0.667181818181818;OK;DDA_LOGREG;0.5;0.9066807;1;24;Masculin;Pic;False
2020/09/21 11:36:56;11.9042884564108;-12.8805096509589;0.660363636363636;OK;DDA_LOGREG;0.5;0.9223742;1;24;Masculin;Pic;False
2020/09/21 11:37:00;12.1701002213202;-13.1372736643819;0.659636363636364;OK;DDA_LOGREG;0.8;1;0;24;Masculin;Pic;False
2020/09/21 11:37:09;12.4649247576245;-13.4619746020352;0.644818181818182;OK;DDA_LOGREG;0.5;0.9287074;0;24;Masculin;Low;False
2020/09/21 11:37:14;12.2616457251735;-13.2708067938026;0.650545454545455;OK;DDA_LOGREG;0.2;0.8128195;1;24;Masculin;Low;False
2020/09/21 11:37:24;12.7807472540083;-13.8107994653434;0.659727272727273;OK;DDA_LOGREG;0.2;0.8327159;1;24;Masculin;Low;False
2020/09/21 11:37:28;13.2931008981891;-14.3424802397037;0.665818181818182;OK;DDA_LOGREG;0.2;0.8259593;1;24;Masculin;Low;False
2020/09/21 11:37:32;11.990520744865;-12.9648422911121;0.673545454545455;OK;DDA_LOGREG;0.2;0.8229293;1;24;Masculin;Low;False
2020/09/21 11:37:37;12.4101291148495;-13.4006327860007;0.678181818181818;OK;DDA_LOGREG;0.2;0.8284625;1;24;Masculin;Low;False
2020/09/21 11:37:41;12.8136486615187;-13.8194983603276;0.667727272727273;OK;DDA_LOGREG;0.2;0.8021571;1;24;Masculin;Low;False
2020/09/21 11:37:53;13.1658685260884;-14.1871478208785;0.672121212121212;OK;DDA_LOGREG;0.2;0.8293383;1;24;Masculin;Low;False
2020/09/21 11:37:59;13.5308179159413;-14.5662267483384;0.676818181818182;OK;DDA_LOGREG;0.2;0.8466378;1;24;Masculin;Low;False
2020/09/21 11:38:03;13.8879486534055;-14.9355541974885;0.673181818181818;OK;DDA_LOGREG;0.2;0.8447301;1;24;Masculin;Low;False
2020/09/21 11:38:10;14.2324709255583;-15.292257146346;0.681363636363636;OK;DDA_LOGREG;0.2;0.8542567;0;24;Masculin;Low;False
2020/09/21 11:38:15;13.3467756137717;-14.3824457426955;0.669242424242424;OK;DDA_LOGREG;0.2;0.8301653;1;24;Masculin;Low;False
2020/09/21 11:38:19;13.6678245712167;-14.7161203947296;0.674469696969697;OK;DDA_LOGREG;0.2;0.8343356;1;24;Masculin;Low;False
2020/09/21 11:38:27;13.9782100491455;-15.0384534202219;0.683863636363636;OK;DDA_LOGREG;0.2;0.8300422;1;24;Masculin;Low;False
2020/09/21 11:38:36;14.2726520014468;-15.3446951840015;0.691818181818182;OK;DDA_LOGREG;0.2;0.8571581;1;24;Masculin;Low;False
2020/09/21 11:38:46;14.5646471959866;-15.6455291841116;0.689166666666667;OK;DDA_LOGREG;0.2;0.8515217;0;24;Masculin;Low;False
2020/09/21 11:38:51;13.7308217981938;-14.7877156722811;0.690769230769231;OK;DDA_LOGREG;0.2;0.8304213;1;24;Masculin;Low;False
2020/09/21 11:39:04;14.0053788574176;-15.0732855628778;0.693205128205128;OK;DDA_LOGREG;0.2;0.8521661;0;24;Masculin;Low;False
2020/09/21 11:39:10;13.2604777103708;-14.3077251990845;0.692628205128205;OK;DDA_LOGREG;0.2;0.8406814;0;24;Masculin;Low;False
2020/09/21 11:39:17;12.4650705759016;-13.4866962840821;0.690576923076923;OK;DDA_LOGREG;0.2;0.8427334;0;24;Masculin;Low;False
2020/09/21 11:39:24;11.7691223286108;-12.7696681495896;0.676666666666667;OK;DDA_LOGREG;0.2;0.808521;1;24;Masculin;Low;False
2020/09/21 11:39:31;12.0233501799572;-13.0353354020099;0.680128205128205;OK;DDA_LOGREG;0.2;0.8370368;1;24;Masculin;Low;False
2020/09/21 11:39:43;12.2745987976043;-13.2955087086578;0.691346153846154;OK;DDA_LOGREG;0.2;0.815318;1;24;Masculin;Low;False
2020/09/21 11:39:49;12.5139302764761;-13.5453141702749;0.68224358974359;OK;DDA_LOGREG;0.2;0.8408015;1;24;Masculin;Low;False
2020/09/21 11:39:56;12.7498994389213;-13.7893723833988;0.690448717948718;OK;DDA_LOGREG;0.2;0.8120294;1;24;Masculin;Low;False
2020/09/21 11:40:00;12.9704770530198;-14.019940157352;0.690769230769231;OK;DDA_LOGREG;0.2;0.8189716;1;24;Masculin;Low;False
2020/09/21 11:40:09;13.1872672547608;-14.246121077621;0.693351648351648;OK;DDA_LOGREG;0.2;0.8360198;0;24;Masculin;Low;False
2020/09/21 11:40:15;12.4947632330194;-13.5301691143135;0.691593406593407;OK;DDA_LOGREG;0.2;0.8398102;1;24;Masculin;Low;False
2020/09/21 11:40:25;12.7083672745939;-13.751061158481;0.686428571428572;OK;DDA_LOGREG;0.2;0.8124363;0;24;Masculin;Low;False
2020/09/21 11:40:31;11.8658216512295;-12.8722819311972;0.683626373626374;OK;DDA_LOGREG;0.2;0.7890339;1;24;Masculin;Low;False
2020/09/21 11:40:39;12.055561125173;-13.071746630891;0.69978021978022;OK;DDA_LOGREG;0.2;0.8194075;1;24;Masculin;Low;False
2020/09/21 11:40:47;12.2543880611748;-13.2789594930588;0.689010989010989;OK;DDA_LOGREG;0.2;0.8379299;1;24;Masculin;Low;False
2020/09/21 11:41:01;12.4480471690495;-13.4791369126286;0.688186813186813;OK;DDA_LOGREG;0.2;0.826959;1;24;Masculin;Low;False
2020/09/21 11:41:17;12.6378359271274;-13.6764258666052;0.690659340659341;OK;DDA_LOGREG;0.2;0.814675;1;24;Masculin;Low;False
2020/09/21 11:41:20;12.8188843592998;-13.8655602811642;0.699945054945055;OK;DDA_LOGREG;0.2;0.8051209;1;24;Masculin;Low;False
2020/09/21 11:41:30;12.9890798248853;-14.0439146342281;0.702142857142857;OK;DDA_LOGREG;0.2;0.8024961;1;24;Masculin;Low;False
2020/09/21 11:41:34;13.1519625472643;-14.2147419290981;0.696238095238095;OK;DDA_LOGREG;0.2;0.8321797;1;24;Masculin;Low;False
2020/09/21 11:41:37;13.3227707353059;-14.3918806003636;0.697761904761905;OK;DDA_LOGREG;0.2;0.8396124;1;24;Masculin;Low;False
2020/09/21 11:41:41;13.4899888621425;-14.564617423505;0.701238095238095;OK;DDA_LOGREG;0.2;0.8178589;1;24;Masculin;Low;False
2020/09/21 11:41:44;13.6487221993911;-14.7303346064116;0.704619047619048;OK;DDA_LOGREG;0.2;0.8336983;1;24;Masculin;Low;False
2020/09/21 11:41:47;13.8086174574893;-14.8960949868763;0.706047619047619;OK;DDA_LOGREG;0.2;0.8354251;1;24;Masculin;Low;False
2020/09/21 11:41:50;13.9654124472275;-15.0585145304662;0.708238095238095;OK;DDA_LOGREG;0.2;0.8337964;1;24;Masculin;Low;False
2020/09/21 11:41:53;14.1187767393053;-15.2175461373445;0.702380952380952;OK;DDA_LOGREG;0.2;0.8473827;1;24;Masculin;Low;False
2020/09/21 11:41:56;14.2692538559474;-15.3722673355357;0.711047619047619;OK;DDA_LOGREG;0.2;0.8348144;1;24;Masculin;Low;False
2020/09/21 11:41:59;14.4169870296618;-15.5254343674592;0.717;OK;DDA_LOGREG;0.2;0.8572923;1;24;Masculin;Low;False
2020/09/21 11:42:02;14.5593537204924;-15.6706107984209;0.712666666666667;OK;DDA_LOGREG;0.2;0.8510473;1;24;Masculin;Low;False
2020/09/21 11:42:05;14.8795756054355;-16.0062901139921;0.711333333333333;OK;DDA_LOGREG;0.2;0.825505;1;24;Masculin;Low;False
2020/09/21 11:42:08;15.143449635739;-16.2840725294759;0.714666666666667;OK;DDA_LOGREG;0.2;0.8285616;1;24;Masculin;Low;False
2020/09/21 11:42:12;15.3666653702923;-16.5182303908468;0.708;OK;DDA_LOGREG;0.2;0.8627887;1;24;Masculin;Low;False
2020/09/21 11:42:14;14.200677077106;-15.2690611379566;0.716666666666667;OK;DDA_LOGREG;0.2;0.8391378;1;24;Masculin;Low;False
2020/09/21 11:42:17;14.7387658605971;-15.8409844453876;0.714666666666667;OK;DDA_LOGREG;0.2;0.8351889;1;24;Masculin;Low;False
2020/09/21 11:42:31;15.1877927621062;-16.3168138776819;0.712666666666667;OK;DDA_LOGREG;0.2;0.861688;1;24;Masculin;Low;True
2020/09/21 11:42:34;15.5522947207208;-16.6988052523988;0.706;OK;DDA_LOGREG;0.2;0.8594038;1;24;Masculin;Low;True
2020/09/21 11:42:37;15.7958597078765;-16.9519103008537;0.703333333333333;OK;DDA_LOGREG;0.2;0.8566258;1;24;Masculin;Low;True
2020/09/21 11:42:41;15.9637945774037;-17.1249012105775;0.706666666666667;OK;DDA_LOGREG;0.2;0.857032;1;24;Masculin;Low;True
2020/09/21 11:42:45;16.024633362347;-17.1848108912868;0.708;OK;DDA_LOGREG;0.2;0.8460931;1;24;Masculin;Low;True
2020/09/21 11:42:48;16.0287385901982;-17.188277672739;0.709333333333333;OK;DDA_LOGREG;0.2;0.8327442;1;24;Masculin;Low;True
2020/09/21 11:42:51;16.0517902370351;-17.2201680400602;0.714666666666667;OK;DDA_LOGREG;0.2;0.854221;1;24;Masculin;Low;True
2020/09/21 11:42:53;16.0687284058854;-17.2147535836974;0.702;OK;DDA_LOGREG;0.2;0.8426096;1;24;Masculin;Low;True
2020/09/21 11:42:57;16.6982004315961;-17.8624827646203;0.702666666666667;OK;DDA_LOGREG;0.2;0.8707817;1;24;Masculin;Low;True
2020/09/21 11:43:01;16.7855810813869;-17.9487519126348;0.706;OK;DDA_LOGREG;0.2;0.8398493;1;24;Masculin;Low;True
2020/09/21 11:43:04;16.7841187344184;-17.9474205010714;0.705333333333333;OK;DDA_LOGREG;0.2;0.8556038;1;24;Masculin;Low;True
2020/09/21 11:43:07;16.9518919677825;-18.1418259015143;0.714666666666667;OK;DDA_LOGREG;0.2;0.8619793;1;24;Masculin;Low;True
2020/09/21 11:43:10;17.534813593646;-18.7975234304297;0.727333333333333;OK;DDA_LOGREG;0.2;0.8725677;1;24;Masculin;Low;True
2020/09/21 11:43:12;18.234884602515;-19.5824981826644;0.734;OK;DDA_LOGREG;0.2;0.8720133;1;24;Masculin;Low;True
2020/09/21 11:43:15;18.1877414974556;-19.5132391671681;0.734666666666667;OK;DDA_LOGREG;0.2;0.8749163;1;24;Masculin;Low;True
2020/09/21 11:43:19;18.2255984157067;-19.5251047395225;0.732666666666667;OK;DDA_LOGREG;0.2;0.8711791;1;24;Masculin;Low;True
2020/09/21 11:43:22;18.9661731239575;-20.3568130825088;0.739333333333333;OK;DDA_LOGREG;0.2;0.8486686;1;24;Masculin;Low;True
2020/09/21 11:43:25;19.749748530412;-21.2408571662213;0.748;OK;DDA_LOGREG;0.2;0.8735169;1;24;Masculin;Low;True
2020/09/21 11:43:28;19.6995949262035;-21.1687022266388;0.749333333333333;OK;DDA_LOGREG;0.2;0.87422;1;24;Masculin;Low;True
2020/09/21 11:43:31;19.642036480412;-21.0882723956184;0.746666666666667;OK;DDA_LOGREG;0.2;0.8688155;1;24;Masculin;Low;True
2020/09/21 11:43:34;21.2769188586965;-22.877724445385;0.759333333333333;OK;DDA_LOGREG;0.2;0.87727;1;24;Masculin;Low;True
2020/09/21 11:43:37;21.22230160717;-22.8000448085383;0.764;OK;DDA_LOGREG;0.2;0.8646725;1;24;Masculin;Low;True
2020/09/21 11:43:42;21.1648661783667;-22.7213275593675;0.76;OK;DDA_LOGREG;0.2;0.8807393;1;24;Masculin;Low;True
2020/09/21 11:43:46;21.7548040065914;-23.3858379070076;0.764;OK;DDA_LOGREG;0.2;0.8627637;1;24;Masculin;Low;True
2020/09/21 11:43:49;21.6940235794952;-23.3038909831801;0.767333333333333;OK;DDA_LOGREG;0.2;0.8630001;1;24;Masculin;Low;True
